Month_Year,Avg_players,Gain,Percent_Gain,Date
September 2021,46968.35,-3785.16,-7.46%,2021-09-01
August 2021,50753.51,-861.27,-1.67%,2021-08-01
July 2021,51614.78,11992.53,+30.27%,2021-07-01
June 2021,39622.26,-7061.59,-15.13%,2021-06-01
May 2021,46683.85,267.46,+0.58%,2021-05-01
April 2021,46416.38,3464.79,+8.07%,2021-04-01
March 2021,42951.59,3741.63,+9.54%,2021-03-01
February 2021,39209.96,3085.81,+8.54%,2021-02-01
January 2021,36124.14,134.09,+0.37%,2021-01-01
December 2020,35990.05,-3923.97,-9.83%,2020-12-01
November 2020,39914.02,-1384.76,-3.35%,2020-11-01
October 2020,41298.79,-15032.09,-26.69%,2020-10-01
September 2020,56330.88,-3298.15,-5.53%,2020-09-01
August 2020,59629.02,20243.88,+51.40%,2020-08-01
July 2020,39385.15,-5445.2,-12.15%,2020-07-01
June 2020,44830.35,-4856.71,-9.77%,2020-06-01
May 2020,49687.06,-6631.71,-11.78%,2020-05-01
April 2020,56318.77,3491.4,+6.61%,2020-04-01
March 2020,52827.37,11892.49,+29.05%,2020-03-01
February 2020,40934.88,4670.8,+12.88%,2020-02-01
January 2020,36264.08,-10878.94,-23.08%,2020-01-01
December 2019,47143.02,1050.29,+2.28%,2019-12-01
November 2019,46092.73,11693.86,+33.99%,2019-11-01
October 2019,34398.86,-8083.36,-19.03%,2019-10-01
September 2019,42482.22,-10713.34,-20.14%,2019-09-01
August 2019,53195.56,-2706.68,-4.84%,2019-08-01
July 2019,55902.24,13228.98,+31.00%,2019-07-01
June 2019,42673.26,-7907.43,-15.63%,2019-06-01
May 2019,50580.69,-5993.82,-10.59%,2019-05-01
April 2019,56574.51,-6225.98,-9.91%,2019-04-01
March 2019,62800.49,16576.23,+35.86%,2019-03-01
February 2019,46224.26,-6530.25,-12.38%,2019-02-01
January 2019,52754.51,-973.04,-1.81%,2019-01-01
December 2018,53727.55,-7758.99,-12.62%,2018-12-01
November 2018,61486.55,11768.29,+23.67%,2018-11-01
October 2018,49718.26,-2076.0,-4.01%,2018-10-01
September 2018,51794.26,-17097.44,-24.82%,2018-09-01
August 2018,68891.69,-7703.22,-10.06%,2018-08-01
July 2018,76594.91,19971.45,+35.27%,2018-07-01
June 2018,56623.46,13680.6,+31.86%,2018-06-01
May 2018,42942.86,-7399.31,-14.70%,2018-05-01
April 2018,50342.17,2251.24,+4.68%,2018-04-01
March 2018,48090.92,-944.53,-1.93%,2018-03-01
February 2018,49035.45,3857.89,+8.54%,2018-02-01
January 2018,45177.56,-6202.41,-12.07%,2018-01-01
December 2017,51379.97,-5120.47,-9.06%,2017-12-01
November 2017,56500.44,-5408.38,-8.74%,2017-11-01
October 2017,61908.82,24880.71,+67.19%,2017-10-01
September 2017,37028.11,-2939.28,-7.35%,2017-09-01
August 2017,39967.39,965.21,+2.47%,2017-08-01
July 2017,39002.18,13100.15,+50.58%,2017-07-01
June 2017,25902.03,-1879.21,-6.76%,2017-06-01
May 2017,27781.24,-2795.16,-9.14%,2017-05-01
April 2017,30576.4,-147.26,-0.48%,2017-04-01
March 2017,30723.66,2325.41,+8.19%,2017-03-01
February 2017,28398.25,-3336.65,-10.51%,2017-02-01
January 2017,31734.9,-1943.55,-5.77%,2017-01-01
December 2016,33678.45,3861.26,+12.95%,2016-12-01
November 2016,29817.19,8928.58,+42.74%,2016-11-01
October 2016,20888.62,-1887.31,-8.29%,2016-10-01
September 2016,22775.92,-3772.49,-14.21%,2016-09-01
August 2016,26548.41,-1977.75,-6.93%,2016-08-01
July 2016,28526.17,2199.23,+8.35%,2016-07-01
June 2016,26326.93,-271.05,-1.02%,2016-06-01
May 2016,26597.98,-547.56,-2.02%,2016-05-01
April 2016,27145.55,-6602.0,-19.56%,2016-04-01
March 2016,33747.55,1838.3,+5.76%,2016-03-01
February 2016,31909.25,1199.69,+3.91%,2016-02-01
January 2016,30709.56,-2544.25,-7.65%,2016-01-01
December 2015,33253.8,11920.4,+55.88%,2015-12-01
November 2015,21333.4,-6380.24,-23.02%,2015-11-01
October 2015,27713.64,5645.86,+25.58%,2015-10-01
September 2015,22067.78,-7092.23,-24.32%,2015-09-01
August 2015,29160.01,9223.72,+46.27%,2015-08-01
July 2015,19936.29,1570.03,+8.55%,2015-07-01
June 2015,18366.27,-2564.27,-12.25%,2015-06-01
May 2015,20930.54,-1167.12,-5.28%,2015-05-01
April 2015,22097.66,864.32,+4.07%,2015-04-01
March 2015,21233.34,2854.61,+15.53%,2015-03-01
February 2015,18378.74,459.19,+2.56%,2015-02-01
January 2015,17919.54,-1456.78,-7.52%,2015-01-01
December 2014,19376.33,2479.55,+14.67%,2014-12-01
November 2014,16896.78,1159.8,+7.37%,2014-11-01
October 2014,15736.98,-66.18,-0.42%,2014-10-01
September 2014,15803.16,-662.9,-4.03%,2014-09-01
August 2014,16466.05,1243.7,+8.17%,2014-08-01
July 2014,15222.36,3073.45,+25.30%,2014-07-01
June 2014,12148.9,539.89,+4.65%,2014-06-01
May 2014,11609.02,-2763.5,-19.23%,2014-05-01
April 2014,14372.52,1993.52,+16.10%,2014-04-01
March 2014,12379.0,-1273.85,-9.33%,2014-03-01
February 2014,13652.84,1992.0,+17.08%,2014-02-01
January 2014,11660.84,545.15,+4.90%,2014-01-01
December 2013,11115.69,1894.94,+20.55%,2013-12-01
November 2013,9220.75,283.07,+3.17%,2013-11-01
October 2013,8937.68,-778.95,-8.02%,2013-10-01
September 2013,9716.62,884.84,+10.02%,2013-09-01
August 2013,8831.78,-773.81,-8.06%,2013-08-01
July 2013,9605.6,-1168.82,-10.85%,2013-07-01
June 2013,10774.41,435.88,+4.22%,2013-06-01
May 2013,10338.53,-1991.12,-16.15%,2013-05-01
April 2013,12329.65,10369.52,+529.02%,2013-04-01
March 2013,1960.13,1960.13,+43776179.05%,2013-03-01
February 2013,0.0,0.0,+Inf%,2013-02-01
January 2013,0.0,,,2013-01-01
